cedula,nombre,apellido,email,cantidad_vehiculos_rentados,direccion,activo
34013825,Annelise,Moscon,amoscon0@cornell.edu,0,8916 Rowland Trail,true
25977520,Shem,Kippins,skippins1@oaic.gov.au,0,3 Bunting Plaza,false
14860797,Lamont,Frany,lfrany2@ameblo.jp,0,15449 Rusk Drive,false
31104194,Delia,Cassella,dcassella3@newyorker.com,0,3 Buell Road,false
14716027,Wileen,Storcke,wstorcke4@auda.org.au,0,526 Talmadge Court,true
35850840,Noni,Aguirre,naguirre5@myspace.com,0,38 Novick Street,true
21457532,Broderick,Brabyn,bbrabyn6@issuu.com,0,8893 Comanche Court,false
9171947,Mirella,Chartre,mchartre7@imageshack.us,0,46817 8th Crossing,false
18254178,Elwood,Gaize,egaize8@shop-pro.jp,0,982 Browning Trail,true
21217630,Irma,Litton,ilitton9@mayoclinic.com,0,1 Algoma Parkway,false
15910694,Charyl,Archbold,carchbolda@indiegogo.com,0,07 Claremont Way,true
17095270,Cooper,Goodliffe,cgoodliffeb@google.com.br,0,772 Jenifer Pass,true
16171848,Rosalia,Skeermer,rskeermerc@goo.ne.jp,0,76252 Pleasure Road,true
9752206,Kerk,Crook,kcrookd@free.fr,0,18757 Porter Drive,true
35193366,Heidie,Thackwray,hthackwraye@ucoz.com,0,484 Northwestern Court,false